{
  "According To Jim": 0.7917405310213834,
  "The Big Bang Theory": 1.281305240515629,
  "Friends": 1.0522166822979566,
  "Criminal Minds": 1.1554220778908804,
  "Modern Family": 1.362015168291247,
  "Grey's Anatomy": 1.2804743131459309,
  "Two And A Half Men": 1.716559331812236,
  "NCIS": 1.2326848876291723,
  "Bones": 1.2968749505943966,
  "Scrubs": 1.1036963081548803,
  "House": 1.2528311969813886,
  "Frasier": 1.0743462177290426,
  "The King Of Queens": 1.3027333100314573,
  "How I Met Your Mother": 1.2985395583364525,
  "Will & Grace": 1.3078386933279784
}